,Interface,Access_VLAN,Allowed_VLANs,Channel_Group,Channel_Group_Members,Description,Primary_Address,Switchport,Switchport_Mode,Switchport_Trunk_Encapsulation,VRF
0,regiona-acc01[Ethernet1],1,,Port-Channel1,[],to_RegionA-CE01_ge-0/0/4,,True,ACCESS,DOT1Q,default
1,regiona-acc01[Ethernet2],1,,Port-Channel1,[],to_RegionA-CE01_ge-0/0/5,,True,ACCESS,DOT1Q,default
2,regiona-acc01[Ethernet3],1,,Port-Channel2,[],to_RegionA-CE02_ge-0/0/4,,True,ACCESS,DOT1Q,default
3,regiona-acc01[Ethernet4],1,,Port-Channel2,[],to_RegionA-CE02_ge-0/0/5,,True,ACCESS,DOT1Q,default
4,regiona-acc01[Ethernet5],1,,Port-Channel3,[],to_RegionA-CE01_ge-0/0/6,,True,ACCESS,DOT1Q,default
5,regiona-acc01[Ethernet6],1,,Port-Channel3,[],to_RegionA-CE01_ge-0/0/7,,True,ACCESS,DOT1Q,default
6,regiona-acc01[Ethernet7],1,,Port-Channel4,[],to_RegionA-CE02_ge-0/0/6,,True,ACCESS,DOT1Q,default
7,regiona-acc01[Ethernet8],1,,Port-Channel4,[],to_RegionA-CE02_ge-0/0/7,,True,ACCESS,DOT1Q,default
8,regiona-acc01[Ethernet9],10,,,[],to_RegionA-Svr01_Ethernet1,,True,ACCESS,DOT1Q,default
9,regiona-acc01[Ethernet10],110,,,[],to_RegionA-Svr01_Ethernet2,,True,ACCESS,DOT1Q,default
10,regiona-acc01[Ethernet11],10,,,[],to_RegionA-Svr02_Ethernet1,,True,ACCESS,DOT1Q,default
11,regiona-acc01[Ethernet12],110,,,[],to_RegionA-Svr02_Ethernet2,,True,ACCESS,DOT1Q,default
12,regiona-acc01[Ethernet13],1,,,[],,,True,ACCESS,DOT1Q,default
13,regiona-acc01[Ethernet14],1,,,[],,,True,ACCESS,DOT1Q,default
14,regiona-acc01[Ethernet15],1,,,[],,,True,ACCESS,DOT1Q,default
15,regiona-acc01[Ethernet16],1,,,[],,,True,ACCESS,DOT1Q,default
16,regiona-acc01[Ethernet17],1,,,[],,,True,ACCESS,DOT1Q,default
17,regiona-acc01[Ethernet18],1,,,[],,,True,ACCESS,DOT1Q,default
18,regiona-acc01[Ethernet19],1,,,[],,,True,ACCESS,DOT1Q,default
19,regiona-acc01[Management1],,,,[],,10.0.0.15/24,False,NONE,DOT1Q,default
20,regiona-acc01[Port-Channel1],,"10,110",,"['Ethernet1', 'Ethernet2']",,,True,TRUNK,DOT1Q,default
21,regiona-acc01[Port-Channel2],,"10,110",,"['Ethernet3', 'Ethernet4']",,,True,TRUNK,DOT1Q,default
22,regiona-acc01[Port-Channel3],,"20,120",,"['Ethernet5', 'Ethernet6']",,,True,TRUNK,DOT1Q,default
23,regiona-acc01[Port-Channel4],,"20,120",,"['Ethernet7', 'Ethernet8']",,,True,TRUNK,DOT1Q,default
24,regiona-ce01[ae0],,,,"['ge-0/0/2', 'ge-0/0/3']",,,False,NONE,DOT1Q,default
25,regiona-ce01[ae0.0],,,,[],,172.16.5.1/30,False,NONE,DOT1Q,default
26,regiona-ce01[ae1],,,,"['ge-0/0/4', 'ge-0/0/5']",,,False,NONE,DOT1Q,default
27,regiona-ce01[ae1.10],,,,[],,172.30.10.1/24,False,NONE,DOT1Q,default
28,regiona-ce01[ae1.110],,,,[],,172.30.110.1/24,False,NONE,DOT1Q,VR1
29,regiona-ce01[ae2],,,,"['ge-0/0/6', 'ge-0/0/7']",,,False,NONE,DOT1Q,default
30,regiona-ce01[ae2.20],,,,[],,172.30.20.1/24,False,NONE,DOT1Q,default
31,regiona-ce01[ae2.120],,,,[],,172.30.120.1/24,False,NONE,DOT1Q,VR1
32,regiona-ce01[fxp0],,,,[],,,False,NONE,DOT1Q,default
33,regiona-ce01[fxp0.0],,,,[],,10.0.0.15/24,False,NONE,DOT1Q,default
34,regiona-ce01[ge-0/0/0],,,,[],to_RegionA-PE01_GigabitEthernet0/0/0/2,,False,NONE,DOT1Q,default
35,regiona-ce01[ge-0/0/0.0],,,,[],to_RegionA-PE01_GigabitEthernet0/0/0/2,172.16.1.2/30,False,NONE,DOT1Q,default
36,regiona-ce01[ge-0/0/1],,,,[],to_RegionA-PE02_GigabitEthernet0/0/0/2,,False,NONE,DOT1Q,default
37,regiona-ce01[ge-0/0/1.0],,,,[],to_RegionA-PE02_GigabitEthernet0/0/0/2,172.16.3.2/30,False,NONE,DOT1Q,default
38,regiona-ce01[ge-0/0/2],,,ae0,[],to_RegionA-CE02_ge-0/0/2,,False,NONE,DOT1Q,default
39,regiona-ce01[ge-0/0/3],,,ae0,[],to_RegionA-CE02_ge-0/0/3,,False,NONE,DOT1Q,default
40,regiona-ce01[ge-0/0/4],,,ae1,[],to_RegionA-Acc01_Ethernet1,,False,NONE,DOT1Q,default
41,regiona-ce01[ge-0/0/5],,,ae1,[],to_RegionA-Acc01_Ethernet2,,False,NONE,DOT1Q,default
42,regiona-ce01[ge-0/0/6],,,ae2,[],to_RegionA-Acc01_Ethernet5,,False,NONE,DOT1Q,default
43,regiona-ce01[ge-0/0/7],,,ae2,[],to_RegionA-Acc01_Ethernet6,,False,NONE,DOT1Q,default
44,regiona-ce02[ae0],,,,"['ge-0/0/2', 'ge-0/0/3']",,,False,NONE,DOT1Q,default
45,regiona-ce02[ae0.0],,,,[],,172.16.5.2/30,False,NONE,DOT1Q,default
46,regiona-ce02[ae1],,,,"['ge-0/0/4', 'ge-0/0/5']",,,False,NONE,DOT1Q,default
47,regiona-ce02[ae1.10],,,,[],,172.30.10.2/24,False,NONE,DOT1Q,default
48,regiona-ce02[ae1.110],,,,[],,172.30.110.2/24,False,NONE,DOT1Q,VR1
49,regiona-ce02[ae2],,,,"['ge-0/0/6', 'ge-0/0/7']",,,False,NONE,DOT1Q,default
50,regiona-ce02[ae2.120],,,,[],,172.30.20.2/24,False,NONE,DOT1Q,VR1
51,regiona-ce02[fxp0],,,,[],,,False,NONE,DOT1Q,default
52,regiona-ce02[fxp0.0],,,,[],,10.0.0.15/24,False,NONE,DOT1Q,default
53,regiona-ce02[ge-0/0/0],,,,[],to_RegionA-PE01_GigabitEthernet0/0/0/3,,False,NONE,DOT1Q,default
54,regiona-ce02[ge-0/0/0.0],,,,[],to_RegionA-PE01_GigabitEthernet0/0/0/3,172.16.2.2/30,False,NONE,DOT1Q,default
55,regiona-ce02[ge-0/0/1],,,,[],to_RegionA-PE02_GigabitEthernet0/0/0/3,,False,NONE,DOT1Q,default
56,regiona-ce02[ge-0/0/1.0],,,,[],to_RegionA-PE02_GigabitEthernet0/0/0/3,172.16.4.2/30,False,NONE,DOT1Q,default
57,regiona-ce02[ge-0/0/2],,,ae0,[],to_RegionA-CE01_ge-0/0/2,,False,NONE,DOT1Q,default
58,regiona-ce02[ge-0/0/3],,,ae0,[],to_RegionA-CE01_ge-0/0/3,,False,NONE,DOT1Q,default
59,regiona-ce02[ge-0/0/4],,,ae1,[],to_RegionA-Acc01_Ethernet3,,False,NONE,DOT1Q,default
60,regiona-ce02[ge-0/0/5],,,ae1,[],to_RegionA-Acc01_Ethernet4,,False,NONE,DOT1Q,default
61,regiona-ce02[ge-0/0/6],,,ae2,[],to_RegionA-Acc01_Ethernet7,,False,NONE,DOT1Q,default
62,regiona-ce02[ge-0/0/7],,,ae2,[],to_RegionA-Acc01_Ethernet8,,False,NONE,DOT1Q,default
63,regiona-pe01[GigabitEthernet0/0/0/0],,,,[],to_RegionB-PE01_ge-0/0/0,10.1.0.1/30,False,NONE,DOT1Q,default
64,regiona-pe01[GigabitEthernet0/0/0/1],,,,[],to_RegionA-PE02_GigabitEthernet0/0/0/1,172.16.0.1/30,False,NONE,DOT1Q,default
65,regiona-pe01[GigabitEthernet0/0/0/2],,,,[],to_RegionA-CE01_ge-0/0/0,172.16.1.1/30,False,NONE,DOT1Q,default
66,regiona-pe01[GigabitEthernet0/0/0/3],,,,[],to_RegionA-CE02_ge-0/0/0,172.16.2.1/30,False,NONE,DOT1Q,default
67,regiona-pe01[GigabitEthernet0/0/0/4],,,,[],,,False,NONE,DOT1Q,default
68,regiona-pe01[GigabitEthernet0/0/0/5],,,,[],,,False,NONE,DOT1Q,default
69,regiona-pe01[GigabitEthernet0/0/0/6],,,,[],,,False,NONE,DOT1Q,default
70,regiona-pe01[GigabitEthernet0/0/0/7],,,,[],,,False,NONE,DOT1Q,default
71,regiona-pe01[GigabitEthernet0/0/0/8],,,,[],,,False,NONE,DOT1Q,default
72,regiona-pe01[GigabitEthernet0/0/0/9],,,,[],,,False,NONE,DOT1Q,default
73,regiona-pe01[GigabitEthernet0/0/0/10],,,,[],,,False,NONE,DOT1Q,default
74,regiona-pe01[GigabitEthernet0/0/0/11],,,,[],,,False,NONE,DOT1Q,default
75,regiona-pe01[GigabitEthernet0/0/0/12],,,,[],,,False,NONE,DOT1Q,default
76,regiona-pe01[GigabitEthernet0/0/0/13],,,,[],,,False,NONE,DOT1Q,default
77,regiona-pe01[GigabitEthernet0/0/0/14],,,,[],,,False,NONE,DOT1Q,default
78,regiona-pe01[GigabitEthernet0/0/0/15],,,,[],,,False,NONE,DOT1Q,default
79,regiona-pe01[GigabitEthernet0/0/0/16],,,,[],,,False,NONE,DOT1Q,default
80,regiona-pe01[GigabitEthernet0/0/0/17],,,,[],,,False,NONE,DOT1Q,default
81,regiona-pe01[GigabitEthernet0/0/0/18],,,,[],,,False,NONE,DOT1Q,default
82,regiona-pe01[GigabitEthernet0/0/0/19],,,,[],,,False,NONE,DOT1Q,default
83,regiona-pe01[GigabitEthernet0/0/0/20],,,,[],,,False,NONE,DOT1Q,default
84,regiona-pe01[GigabitEthernet0/0/0/21],,,,[],,,False,NONE,DOT1Q,default
85,regiona-pe01[GigabitEthernet0/0/0/22],,,,[],,,False,NONE,DOT1Q,default
86,regiona-pe01[GigabitEthernet0/0/0/23],,,,[],,,False,NONE,DOT1Q,default
87,regiona-pe01[GigabitEthernet0/0/0/24],,,,[],,,False,NONE,DOT1Q,default
88,regiona-pe01[GigabitEthernet0/0/0/25],,,,[],,,False,NONE,DOT1Q,default
89,regiona-pe01[GigabitEthernet0/0/0/26],,,,[],,,False,NONE,DOT1Q,default
90,regiona-pe01[GigabitEthernet0/0/0/27],,,,[],,,False,NONE,DOT1Q,default
91,regiona-pe01[GigabitEthernet0/0/0/28],,,,[],,,False,NONE,DOT1Q,default
92,regiona-pe01[GigabitEthernet0/0/0/29],,,,[],,,False,NONE,DOT1Q,default
93,regiona-pe01[GigabitEthernet0/0/0/30],,,,[],,,False,NONE,DOT1Q,default
94,regiona-pe01[GigabitEthernet0/0/0/31],,,,[],,,False,NONE,DOT1Q,default
95,regiona-pe01[GigabitEthernet0/0/0/32],,,,[],,,False,NONE,DOT1Q,default
96,regiona-pe01[GigabitEthernet0/0/0/33],,,,[],,,False,NONE,DOT1Q,default
97,regiona-pe01[GigabitEthernet0/0/0/34],,,,[],,,False,NONE,DOT1Q,default
98,regiona-pe01[GigabitEthernet0/0/0/35],,,,[],,,False,NONE,DOT1Q,default
99,regiona-pe01[GigabitEthernet0/0/0/36],,,,[],,,False,NONE,DOT1Q,default
100,regiona-pe01[GigabitEthernet0/0/0/37],,,,[],,,False,NONE,DOT1Q,default
101,regiona-pe01[GigabitEthernet0/0/0/38],,,,[],,,False,NONE,DOT1Q,default
102,regiona-pe01[GigabitEthernet0/0/0/39],,,,[],,,False,NONE,DOT1Q,default
103,regiona-pe01[GigabitEthernet0/0/0/40],,,,[],,,False,NONE,DOT1Q,default
104,regiona-pe01[GigabitEthernet0/0/0/41],,,,[],,,False,NONE,DOT1Q,default
105,regiona-pe01[GigabitEthernet0/0/0/42],,,,[],,,False,NONE,DOT1Q,default
106,regiona-pe01[GigabitEthernet0/0/0/43],,,,[],,,False,NONE,DOT1Q,default
107,regiona-pe01[GigabitEthernet0/0/0/44],,,,[],,,False,NONE,DOT1Q,default
108,regiona-pe01[GigabitEthernet0/0/0/45],,,,[],,,False,NONE,DOT1Q,default
109,regiona-pe01[GigabitEthernet0/0/0/46],,,,[],,,False,NONE,DOT1Q,default
110,regiona-pe01[GigabitEthernet0/0/0/47],,,,[],,,False,NONE,DOT1Q,default
111,regiona-pe01[GigabitEthernet0/0/0/48],,,,[],,,False,NONE,DOT1Q,default
112,regiona-pe01[GigabitEthernet0/0/0/49],,,,[],,,False,NONE,DOT1Q,default
113,regiona-pe01[GigabitEthernet0/0/0/50],,,,[],,,False,NONE,DOT1Q,default
114,regiona-pe01[GigabitEthernet0/0/0/51],,,,[],,,False,NONE,DOT1Q,default
115,regiona-pe01[GigabitEthernet0/0/0/52],,,,[],,,False,NONE,DOT1Q,default
116,regiona-pe01[GigabitEthernet0/0/0/53],,,,[],,,False,NONE,DOT1Q,default
117,regiona-pe01[GigabitEthernet0/0/0/54],,,,[],,,False,NONE,DOT1Q,default
118,regiona-pe01[GigabitEthernet0/0/0/55],,,,[],,,False,NONE,DOT1Q,default
119,regiona-pe01[GigabitEthernet0/0/0/56],,,,[],,,False,NONE,DOT1Q,default
120,regiona-pe01[GigabitEthernet0/0/0/57],,,,[],,,False,NONE,DOT1Q,default
121,regiona-pe01[GigabitEthernet0/0/0/58],,,,[],,,False,NONE,DOT1Q,default
122,regiona-pe01[GigabitEthernet0/0/0/59],,,,[],,,False,NONE,DOT1Q,default
123,regiona-pe01[GigabitEthernet0/0/0/60],,,,[],,,False,NONE,DOT1Q,default
124,regiona-pe01[GigabitEthernet0/0/0/61],,,,[],,,False,NONE,DOT1Q,default
125,regiona-pe01[GigabitEthernet0/0/0/62],,,,[],,,False,NONE,DOT1Q,default
126,regiona-pe01[GigabitEthernet0/0/0/63],,,,[],,,False,NONE,DOT1Q,default
127,regiona-pe01[GigabitEthernet0/0/0/64],,,,[],,,False,NONE,DOT1Q,default
128,regiona-pe01[GigabitEthernet0/0/0/65],,,,[],,,False,NONE,DOT1Q,default
129,regiona-pe01[GigabitEthernet0/0/0/66],,,,[],,,False,NONE,DOT1Q,default
130,regiona-pe01[GigabitEthernet0/0/0/67],,,,[],,,False,NONE,DOT1Q,default
131,regiona-pe01[GigabitEthernet0/0/0/68],,,,[],,,False,NONE,DOT1Q,default
132,regiona-pe01[GigabitEthernet0/0/0/69],,,,[],,,False,NONE,DOT1Q,default
133,regiona-pe01[GigabitEthernet0/0/0/70],,,,[],,,False,NONE,DOT1Q,default
134,regiona-pe01[GigabitEthernet0/0/0/71],,,,[],,,False,NONE,DOT1Q,default
135,regiona-pe01[GigabitEthernet0/0/0/72],,,,[],,,False,NONE,DOT1Q,default
136,regiona-pe01[GigabitEthernet0/0/0/73],,,,[],,,False,NONE,DOT1Q,default
137,regiona-pe01[GigabitEthernet0/0/0/74],,,,[],,,False,NONE,DOT1Q,default
138,regiona-pe01[GigabitEthernet0/0/0/75],,,,[],,,False,NONE,DOT1Q,default
139,regiona-pe01[GigabitEthernet0/0/0/76],,,,[],,,False,NONE,DOT1Q,default
140,regiona-pe01[GigabitEthernet0/0/0/77],,,,[],,,False,NONE,DOT1Q,default
141,regiona-pe01[GigabitEthernet0/0/0/78],,,,[],,,False,NONE,DOT1Q,default
142,regiona-pe01[GigabitEthernet0/0/0/79],,,,[],,,False,NONE,DOT1Q,default
143,regiona-pe01[GigabitEthernet0/0/0/80],,,,[],,,False,NONE,DOT1Q,default
144,regiona-pe01[GigabitEthernet0/0/0/81],,,,[],,,False,NONE,DOT1Q,default
145,regiona-pe01[GigabitEthernet0/0/0/82],,,,[],,,False,NONE,DOT1Q,default
146,regiona-pe01[GigabitEthernet0/0/0/83],,,,[],,,False,NONE,DOT1Q,default
147,regiona-pe01[GigabitEthernet0/0/0/84],,,,[],,,False,NONE,DOT1Q,default
148,regiona-pe01[GigabitEthernet0/0/0/85],,,,[],,,False,NONE,DOT1Q,default
149,regiona-pe01[GigabitEthernet0/0/0/86],,,,[],,,False,NONE,DOT1Q,default
150,regiona-pe01[GigabitEthernet0/0/0/87],,,,[],,,False,NONE,DOT1Q,default
151,regiona-pe01[GigabitEthernet0/0/0/88],,,,[],,,False,NONE,DOT1Q,default
152,regiona-pe01[GigabitEthernet0/0/0/89],,,,[],,,False,NONE,DOT1Q,default
153,regiona-pe01[GigabitEthernet0/0/0/90],,,,[],,,False,NONE,DOT1Q,default
154,regiona-pe01[GigabitEthernet0/0/0/91],,,,[],,,False,NONE,DOT1Q,default
155,regiona-pe01[GigabitEthernet0/0/0/92],,,,[],,,False,NONE,DOT1Q,default
156,regiona-pe01[GigabitEthernet0/0/0/93],,,,[],,,False,NONE,DOT1Q,default
157,regiona-pe01[GigabitEthernet0/0/0/94],,,,[],,,False,NONE,DOT1Q,default
158,regiona-pe01[GigabitEthernet0/0/0/95],,,,[],,,False,NONE,DOT1Q,default
159,regiona-pe01[GigabitEthernet0/0/0/96],,,,[],,,False,NONE,DOT1Q,default
160,regiona-pe01[GigabitEthernet0/0/0/97],,,,[],,,False,NONE,DOT1Q,default
161,regiona-pe01[GigabitEthernet0/0/0/98],,,,[],,,False,NONE,DOT1Q,default
162,regiona-pe01[GigabitEthernet0/0/0/99],,,,[],,,False,NONE,DOT1Q,default
163,regiona-pe01[GigabitEthernet0/0/0/100],,,,[],,,False,NONE,DOT1Q,default
164,regiona-pe01[GigabitEthernet0/0/0/101],,,,[],,,False,NONE,DOT1Q,default
165,regiona-pe01[GigabitEthernet0/0/0/102],,,,[],,,False,NONE,DOT1Q,default
166,regiona-pe01[GigabitEthernet0/0/0/103],,,,[],,,False,NONE,DOT1Q,default
167,regiona-pe01[GigabitEthernet0/0/0/104],,,,[],,,False,NONE,DOT1Q,default
168,regiona-pe01[GigabitEthernet0/0/0/105],,,,[],,,False,NONE,DOT1Q,default
169,regiona-pe01[GigabitEthernet0/0/0/106],,,,[],,,False,NONE,DOT1Q,default
170,regiona-pe01[GigabitEthernet0/0/0/107],,,,[],,,False,NONE,DOT1Q,default
171,regiona-pe01[GigabitEthernet0/0/0/108],,,,[],,,False,NONE,DOT1Q,default
172,regiona-pe01[GigabitEthernet0/0/0/109],,,,[],,,False,NONE,DOT1Q,default
173,regiona-pe01[GigabitEthernet0/0/0/110],,,,[],,,False,NONE,DOT1Q,default
174,regiona-pe01[GigabitEthernet0/0/0/111],,,,[],,,False,NONE,DOT1Q,default
175,regiona-pe01[GigabitEthernet0/0/0/112],,,,[],,,False,NONE,DOT1Q,default
176,regiona-pe01[GigabitEthernet0/0/0/113],,,,[],,,False,NONE,DOT1Q,default
177,regiona-pe01[GigabitEthernet0/0/0/114],,,,[],,,False,NONE,DOT1Q,default
178,regiona-pe01[GigabitEthernet0/0/0/115],,,,[],,,False,NONE,DOT1Q,default
179,regiona-pe01[GigabitEthernet0/0/0/116],,,,[],,,False,NONE,DOT1Q,default
180,regiona-pe01[GigabitEthernet0/0/0/117],,,,[],,,False,NONE,DOT1Q,default
181,regiona-pe01[GigabitEthernet0/0/0/118],,,,[],,,False,NONE,DOT1Q,default
182,regiona-pe01[GigabitEthernet0/0/0/119],,,,[],,,False,NONE,DOT1Q,default
183,regiona-pe01[GigabitEthernet0/0/0/120],,,,[],,,False,NONE,DOT1Q,default
184,regiona-pe01[GigabitEthernet0/0/0/121],,,,[],,,False,NONE,DOT1Q,default
185,regiona-pe01[GigabitEthernet0/0/0/122],,,,[],,,False,NONE,DOT1Q,default
186,regiona-pe01[GigabitEthernet0/0/0/123],,,,[],,,False,NONE,DOT1Q,default
187,regiona-pe01[GigabitEthernet0/0/0/124],,,,[],,,False,NONE,DOT1Q,default
188,regiona-pe01[GigabitEthernet0/0/0/125],,,,[],,,False,NONE,DOT1Q,default
189,regiona-pe01[GigabitEthernet0/0/0/126],,,,[],,,False,NONE,DOT1Q,default
190,regiona-pe01[GigabitEthernet0/0/0/127],,,,[],,,False,NONE,DOT1Q,default
191,regiona-pe01[Loopback0],,,,[],,1.1.1.1/32,False,NONE,DOT1Q,default
192,regiona-pe01[MgmtEth0/0/CPU0/0],,,,[],,10.0.0.15/24,False,NONE,DOT1Q,default
193,regiona-pe02[GigabitEthernet0/0/0/0],,,,[],to_RegionB-PE02_ge-0/0/0,10.1.1.1/30,False,NONE,DOT1Q,default
194,regiona-pe02[GigabitEthernet0/0/0/1],,,,[],to_RegionA-PE01_GigabitEthernet0/0/0/1,172.16.0.2/30,False,NONE,DOT1Q,default
195,regiona-pe02[GigabitEthernet0/0/0/2],,,,[],to_RegionA-CE01_ge-0/0/1,172.16.3.1/30,False,NONE,DOT1Q,default
196,regiona-pe02[GigabitEthernet0/0/0/3],,,,[],to_RegionA-CE02_ge-0/0/1,172.16.4.1/30,False,NONE,DOT1Q,default
197,regiona-pe02[GigabitEthernet0/0/0/4],,,,[],,,False,NONE,DOT1Q,default
198,regiona-pe02[GigabitEthernet0/0/0/5],,,,[],,,False,NONE,DOT1Q,default
199,regiona-pe02[GigabitEthernet0/0/0/6],,,,[],,,False,NONE,DOT1Q,default
200,regiona-pe02[GigabitEthernet0/0/0/7],,,,[],,,False,NONE,DOT1Q,default
201,regiona-pe02[GigabitEthernet0/0/0/8],,,,[],,,False,NONE,DOT1Q,default
202,regiona-pe02[GigabitEthernet0/0/0/9],,,,[],,,False,NONE,DOT1Q,default
203,regiona-pe02[GigabitEthernet0/0/0/10],,,,[],,,False,NONE,DOT1Q,default
204,regiona-pe02[GigabitEthernet0/0/0/11],,,,[],,,False,NONE,DOT1Q,default
205,regiona-pe02[GigabitEthernet0/0/0/12],,,,[],,,False,NONE,DOT1Q,default
206,regiona-pe02[GigabitEthernet0/0/0/13],,,,[],,,False,NONE,DOT1Q,default
207,regiona-pe02[GigabitEthernet0/0/0/14],,,,[],,,False,NONE,DOT1Q,default
208,regiona-pe02[GigabitEthernet0/0/0/15],,,,[],,,False,NONE,DOT1Q,default
209,regiona-pe02[GigabitEthernet0/0/0/16],,,,[],,,False,NONE,DOT1Q,default
210,regiona-pe02[GigabitEthernet0/0/0/17],,,,[],,,False,NONE,DOT1Q,default
211,regiona-pe02[GigabitEthernet0/0/0/18],,,,[],,,False,NONE,DOT1Q,default
212,regiona-pe02[GigabitEthernet0/0/0/19],,,,[],,,False,NONE,DOT1Q,default
213,regiona-pe02[GigabitEthernet0/0/0/20],,,,[],,,False,NONE,DOT1Q,default
214,regiona-pe02[GigabitEthernet0/0/0/21],,,,[],,,False,NONE,DOT1Q,default
215,regiona-pe02[GigabitEthernet0/0/0/22],,,,[],,,False,NONE,DOT1Q,default
216,regiona-pe02[GigabitEthernet0/0/0/23],,,,[],,,False,NONE,DOT1Q,default
217,regiona-pe02[GigabitEthernet0/0/0/24],,,,[],,,False,NONE,DOT1Q,default
218,regiona-pe02[GigabitEthernet0/0/0/25],,,,[],,,False,NONE,DOT1Q,default
219,regiona-pe02[GigabitEthernet0/0/0/26],,,,[],,,False,NONE,DOT1Q,default
220,regiona-pe02[GigabitEthernet0/0/0/27],,,,[],,,False,NONE,DOT1Q,default
221,regiona-pe02[GigabitEthernet0/0/0/28],,,,[],,,False,NONE,DOT1Q,default
222,regiona-pe02[GigabitEthernet0/0/0/29],,,,[],,,False,NONE,DOT1Q,default
223,regiona-pe02[GigabitEthernet0/0/0/30],,,,[],,,False,NONE,DOT1Q,default
224,regiona-pe02[GigabitEthernet0/0/0/31],,,,[],,,False,NONE,DOT1Q,default
225,regiona-pe02[GigabitEthernet0/0/0/32],,,,[],,,False,NONE,DOT1Q,default
226,regiona-pe02[GigabitEthernet0/0/0/33],,,,[],,,False,NONE,DOT1Q,default
227,regiona-pe02[GigabitEthernet0/0/0/34],,,,[],,,False,NONE,DOT1Q,default
228,regiona-pe02[GigabitEthernet0/0/0/35],,,,[],,,False,NONE,DOT1Q,default
229,regiona-pe02[GigabitEthernet0/0/0/36],,,,[],,,False,NONE,DOT1Q,default
230,regiona-pe02[GigabitEthernet0/0/0/37],,,,[],,,False,NONE,DOT1Q,default
231,regiona-pe02[GigabitEthernet0/0/0/38],,,,[],,,False,NONE,DOT1Q,default
232,regiona-pe02[GigabitEthernet0/0/0/39],,,,[],,,False,NONE,DOT1Q,default
233,regiona-pe02[GigabitEthernet0/0/0/40],,,,[],,,False,NONE,DOT1Q,default
234,regiona-pe02[GigabitEthernet0/0/0/41],,,,[],,,False,NONE,DOT1Q,default
235,regiona-pe02[GigabitEthernet0/0/0/42],,,,[],,,False,NONE,DOT1Q,default
236,regiona-pe02[GigabitEthernet0/0/0/43],,,,[],,,False,NONE,DOT1Q,default
237,regiona-pe02[GigabitEthernet0/0/0/44],,,,[],,,False,NONE,DOT1Q,default
238,regiona-pe02[GigabitEthernet0/0/0/45],,,,[],,,False,NONE,DOT1Q,default
239,regiona-pe02[GigabitEthernet0/0/0/46],,,,[],,,False,NONE,DOT1Q,default
240,regiona-pe02[GigabitEthernet0/0/0/47],,,,[],,,False,NONE,DOT1Q,default
241,regiona-pe02[GigabitEthernet0/0/0/48],,,,[],,,False,NONE,DOT1Q,default
242,regiona-pe02[GigabitEthernet0/0/0/49],,,,[],,,False,NONE,DOT1Q,default
243,regiona-pe02[GigabitEthernet0/0/0/50],,,,[],,,False,NONE,DOT1Q,default
244,regiona-pe02[GigabitEthernet0/0/0/51],,,,[],,,False,NONE,DOT1Q,default
245,regiona-pe02[GigabitEthernet0/0/0/52],,,,[],,,False,NONE,DOT1Q,default
246,regiona-pe02[GigabitEthernet0/0/0/53],,,,[],,,False,NONE,DOT1Q,default
247,regiona-pe02[GigabitEthernet0/0/0/54],,,,[],,,False,NONE,DOT1Q,default
248,regiona-pe02[GigabitEthernet0/0/0/55],,,,[],,,False,NONE,DOT1Q,default
249,regiona-pe02[GigabitEthernet0/0/0/56],,,,[],,,False,NONE,DOT1Q,default
250,regiona-pe02[GigabitEthernet0/0/0/57],,,,[],,,False,NONE,DOT1Q,default
251,regiona-pe02[GigabitEthernet0/0/0/58],,,,[],,,False,NONE,DOT1Q,default
252,regiona-pe02[GigabitEthernet0/0/0/59],,,,[],,,False,NONE,DOT1Q,default
253,regiona-pe02[GigabitEthernet0/0/0/60],,,,[],,,False,NONE,DOT1Q,default
254,regiona-pe02[GigabitEthernet0/0/0/61],,,,[],,,False,NONE,DOT1Q,default
255,regiona-pe02[GigabitEthernet0/0/0/62],,,,[],,,False,NONE,DOT1Q,default
256,regiona-pe02[GigabitEthernet0/0/0/63],,,,[],,,False,NONE,DOT1Q,default
257,regiona-pe02[GigabitEthernet0/0/0/64],,,,[],,,False,NONE,DOT1Q,default
258,regiona-pe02[GigabitEthernet0/0/0/65],,,,[],,,False,NONE,DOT1Q,default
259,regiona-pe02[GigabitEthernet0/0/0/66],,,,[],,,False,NONE,DOT1Q,default
260,regiona-pe02[GigabitEthernet0/0/0/67],,,,[],,,False,NONE,DOT1Q,default
261,regiona-pe02[GigabitEthernet0/0/0/68],,,,[],,,False,NONE,DOT1Q,default
262,regiona-pe02[GigabitEthernet0/0/0/69],,,,[],,,False,NONE,DOT1Q,default
263,regiona-pe02[GigabitEthernet0/0/0/70],,,,[],,,False,NONE,DOT1Q,default
264,regiona-pe02[GigabitEthernet0/0/0/71],,,,[],,,False,NONE,DOT1Q,default
265,regiona-pe02[GigabitEthernet0/0/0/72],,,,[],,,False,NONE,DOT1Q,default
266,regiona-pe02[GigabitEthernet0/0/0/73],,,,[],,,False,NONE,DOT1Q,default
267,regiona-pe02[GigabitEthernet0/0/0/74],,,,[],,,False,NONE,DOT1Q,default
268,regiona-pe02[GigabitEthernet0/0/0/75],,,,[],,,False,NONE,DOT1Q,default
269,regiona-pe02[GigabitEthernet0/0/0/76],,,,[],,,False,NONE,DOT1Q,default
270,regiona-pe02[GigabitEthernet0/0/0/77],,,,[],,,False,NONE,DOT1Q,default
271,regiona-pe02[GigabitEthernet0/0/0/78],,,,[],,,False,NONE,DOT1Q,default
272,regiona-pe02[GigabitEthernet0/0/0/79],,,,[],,,False,NONE,DOT1Q,default
273,regiona-pe02[GigabitEthernet0/0/0/80],,,,[],,,False,NONE,DOT1Q,default
274,regiona-pe02[GigabitEthernet0/0/0/81],,,,[],,,False,NONE,DOT1Q,default
275,regiona-pe02[GigabitEthernet0/0/0/82],,,,[],,,False,NONE,DOT1Q,default
276,regiona-pe02[GigabitEthernet0/0/0/83],,,,[],,,False,NONE,DOT1Q,default
277,regiona-pe02[GigabitEthernet0/0/0/84],,,,[],,,False,NONE,DOT1Q,default
278,regiona-pe02[GigabitEthernet0/0/0/85],,,,[],,,False,NONE,DOT1Q,default
279,regiona-pe02[GigabitEthernet0/0/0/86],,,,[],,,False,NONE,DOT1Q,default
280,regiona-pe02[GigabitEthernet0/0/0/87],,,,[],,,False,NONE,DOT1Q,default
281,regiona-pe02[GigabitEthernet0/0/0/88],,,,[],,,False,NONE,DOT1Q,default
282,regiona-pe02[GigabitEthernet0/0/0/89],,,,[],,,False,NONE,DOT1Q,default
283,regiona-pe02[GigabitEthernet0/0/0/90],,,,[],,,False,NONE,DOT1Q,default
284,regiona-pe02[GigabitEthernet0/0/0/91],,,,[],,,False,NONE,DOT1Q,default
285,regiona-pe02[GigabitEthernet0/0/0/92],,,,[],,,False,NONE,DOT1Q,default
286,regiona-pe02[GigabitEthernet0/0/0/93],,,,[],,,False,NONE,DOT1Q,default
287,regiona-pe02[GigabitEthernet0/0/0/94],,,,[],,,False,NONE,DOT1Q,default
288,regiona-pe02[GigabitEthernet0/0/0/95],,,,[],,,False,NONE,DOT1Q,default
289,regiona-pe02[GigabitEthernet0/0/0/96],,,,[],,,False,NONE,DOT1Q,default
290,regiona-pe02[GigabitEthernet0/0/0/97],,,,[],,,False,NONE,DOT1Q,default
291,regiona-pe02[GigabitEthernet0/0/0/98],,,,[],,,False,NONE,DOT1Q,default
292,regiona-pe02[GigabitEthernet0/0/0/99],,,,[],,,False,NONE,DOT1Q,default
293,regiona-pe02[GigabitEthernet0/0/0/100],,,,[],,,False,NONE,DOT1Q,default
294,regiona-pe02[GigabitEthernet0/0/0/101],,,,[],,,False,NONE,DOT1Q,default
295,regiona-pe02[GigabitEthernet0/0/0/102],,,,[],,,False,NONE,DOT1Q,default
296,regiona-pe02[GigabitEthernet0/0/0/103],,,,[],,,False,NONE,DOT1Q,default
297,regiona-pe02[GigabitEthernet0/0/0/104],,,,[],,,False,NONE,DOT1Q,default
298,regiona-pe02[GigabitEthernet0/0/0/105],,,,[],,,False,NONE,DOT1Q,default
299,regiona-pe02[GigabitEthernet0/0/0/106],,,,[],,,False,NONE,DOT1Q,default
300,regiona-pe02[GigabitEthernet0/0/0/107],,,,[],,,False,NONE,DOT1Q,default
301,regiona-pe02[GigabitEthernet0/0/0/108],,,,[],,,False,NONE,DOT1Q,default
302,regiona-pe02[GigabitEthernet0/0/0/109],,,,[],,,False,NONE,DOT1Q,default
303,regiona-pe02[GigabitEthernet0/0/0/110],,,,[],,,False,NONE,DOT1Q,default
304,regiona-pe02[GigabitEthernet0/0/0/111],,,,[],,,False,NONE,DOT1Q,default
305,regiona-pe02[GigabitEthernet0/0/0/112],,,,[],,,False,NONE,DOT1Q,default
306,regiona-pe02[GigabitEthernet0/0/0/113],,,,[],,,False,NONE,DOT1Q,default
307,regiona-pe02[GigabitEthernet0/0/0/114],,,,[],,,False,NONE,DOT1Q,default
308,regiona-pe02[GigabitEthernet0/0/0/115],,,,[],,,False,NONE,DOT1Q,default
309,regiona-pe02[GigabitEthernet0/0/0/116],,,,[],,,False,NONE,DOT1Q,default
310,regiona-pe02[GigabitEthernet0/0/0/117],,,,[],,,False,NONE,DOT1Q,default
311,regiona-pe02[GigabitEthernet0/0/0/118],,,,[],,,False,NONE,DOT1Q,default
312,regiona-pe02[GigabitEthernet0/0/0/119],,,,[],,,False,NONE,DOT1Q,default
313,regiona-pe02[GigabitEthernet0/0/0/120],,,,[],,,False,NONE,DOT1Q,default
314,regiona-pe02[GigabitEthernet0/0/0/121],,,,[],,,False,NONE,DOT1Q,default
315,regiona-pe02[GigabitEthernet0/0/0/122],,,,[],,,False,NONE,DOT1Q,default
316,regiona-pe02[GigabitEthernet0/0/0/123],,,,[],,,False,NONE,DOT1Q,default
317,regiona-pe02[GigabitEthernet0/0/0/124],,,,[],,,False,NONE,DOT1Q,default
318,regiona-pe02[GigabitEthernet0/0/0/125],,,,[],,,False,NONE,DOT1Q,default
319,regiona-pe02[GigabitEthernet0/0/0/126],,,,[],,,False,NONE,DOT1Q,default
320,regiona-pe02[GigabitEthernet0/0/0/127],,,,[],,,False,NONE,DOT1Q,default
321,regiona-pe02[Loopback0],,,,[],,1.1.1.2/32,False,NONE,DOT1Q,default
322,regiona-pe02[MgmtEth0/0/CPU0/0],,,,[],,10.0.0.15/24,False,NONE,DOT1Q,default
323,regiona-svr01[Ethernet1],,,,[],to_RegionA-Acc01_Ethernet9,172.30.10.100/24,False,NONE,DOT1Q,default
324,regiona-svr01[Ethernet2],,,,[],to_RegionA-Acc01_Ethernet10,172.30.110.100/24,False,NONE,DOT1Q,default
325,regiona-svr01[Ethernet3],1,,,[],,,True,ACCESS,DOT1Q,default
326,regiona-svr01[Ethernet4],1,,,[],,,True,ACCESS,DOT1Q,default
327,regiona-svr01[Ethernet5],1,,,[],,,True,ACCESS,DOT1Q,default
328,regiona-svr01[Ethernet6],1,,,[],,,True,ACCESS,DOT1Q,default
329,regiona-svr01[Ethernet7],1,,,[],,,True,ACCESS,DOT1Q,default
330,regiona-svr01[Ethernet8],1,,,[],,,True,ACCESS,DOT1Q,default
331,regiona-svr01[Ethernet9],1,,,[],,,True,ACCESS,DOT1Q,default
332,regiona-svr01[Ethernet10],1,,,[],,,True,ACCESS,DOT1Q,default
333,regiona-svr01[Ethernet11],1,,,[],,,True,ACCESS,DOT1Q,default
334,regiona-svr01[Ethernet12],1,,,[],,,True,ACCESS,DOT1Q,default
335,regiona-svr01[Ethernet13],1,,,[],,,True,ACCESS,DOT1Q,default
336,regiona-svr01[Ethernet14],1,,,[],,,True,ACCESS,DOT1Q,default
337,regiona-svr01[Ethernet15],1,,,[],,,True,ACCESS,DOT1Q,default
338,regiona-svr01[Ethernet16],1,,,[],,,True,ACCESS,DOT1Q,default
339,regiona-svr01[Ethernet17],1,,,[],,,True,ACCESS,DOT1Q,default
340,regiona-svr01[Ethernet18],1,,,[],,,True,ACCESS,DOT1Q,default
341,regiona-svr01[Ethernet19],1,,,[],,,True,ACCESS,DOT1Q,default
342,regiona-svr01[Management1],,,,[],,10.0.0.15/24,False,NONE,DOT1Q,default
343,regiona-svr02[Ethernet1],,,,[],to_RegionA-Acc01_Ethernet11,172.30.10.101/24,False,NONE,DOT1Q,default
344,regiona-svr02[Ethernet2],,,,[],to_RegionA-Acc01_Ethernet12,172.30.110.101/24,False,NONE,DOT1Q,default
345,regiona-svr02[Ethernet3],1,,,[],,,True,ACCESS,DOT1Q,default
346,regiona-svr02[Ethernet4],1,,,[],,,True,ACCESS,DOT1Q,default
347,regiona-svr02[Ethernet5],1,,,[],,,True,ACCESS,DOT1Q,default
348,regiona-svr02[Ethernet6],1,,,[],,,True,ACCESS,DOT1Q,default
349,regiona-svr02[Ethernet7],1,,,[],,,True,ACCESS,DOT1Q,default
350,regiona-svr02[Ethernet8],1,,,[],,,True,ACCESS,DOT1Q,default
351,regiona-svr02[Ethernet9],1,,,[],,,True,ACCESS,DOT1Q,default
352,regiona-svr02[Ethernet10],1,,,[],,,True,ACCESS,DOT1Q,default
353,regiona-svr02[Ethernet11],1,,,[],,,True,ACCESS,DOT1Q,default
354,regiona-svr02[Ethernet12],1,,,[],,,True,ACCESS,DOT1Q,default
355,regiona-svr02[Ethernet13],1,,,[],,,True,ACCESS,DOT1Q,default
356,regiona-svr02[Ethernet14],1,,,[],,,True,ACCESS,DOT1Q,default
357,regiona-svr02[Ethernet15],1,,,[],,,True,ACCESS,DOT1Q,default
358,regiona-svr02[Ethernet16],1,,,[],,,True,ACCESS,DOT1Q,default
359,regiona-svr02[Ethernet17],1,,,[],,,True,ACCESS,DOT1Q,default
360,regiona-svr02[Ethernet18],1,,,[],,,True,ACCESS,DOT1Q,default
361,regiona-svr02[Ethernet19],1,,,[],,,True,ACCESS,DOT1Q,default
362,regiona-svr02[Management1],,,,[],,10.0.0.15/24,False,NONE,DOT1Q,default
363,regionb-acc01[Ethernet1],1,,Port-Channel1,[],to_RegionB-CE01_ge-0/0/4,,True,ACCESS,DOT1Q,default
364,regionb-acc01[Ethernet2],1,,Port-Channel1,[],to_RegionB-CE01_ge-0/0/5,,True,ACCESS,DOT1Q,default
365,regionb-acc01[Ethernet3],1,,Port-Channel2,[],to_RegionB-CE02_ge-0/0/4,,True,ACCESS,DOT1Q,default
366,regionb-acc01[Ethernet4],1,,Port-Channel2,[],to_RegionB-CE02_ge-0/0/5,,True,ACCESS,DOT1Q,default
367,regionb-acc01[Ethernet5],1010,,,[],to_RegionB-Svr01_Ethernet1,,True,ACCESS,DOT1Q,default
368,regionb-acc01[Ethernet6],1110,,,[],to_RegionB-Svr01_Ethernet2,,True,ACCESS,DOT1Q,default
369,regionb-acc01[Ethernet7],1,,,[],,,True,ACCESS,DOT1Q,default
370,regionb-acc01[Ethernet8],1,,,[],,,True,ACCESS,DOT1Q,default
371,regionb-acc01[Ethernet9],1,,,[],,,True,ACCESS,DOT1Q,default
372,regionb-acc01[Ethernet10],1,,,[],,,True,ACCESS,DOT1Q,default
373,regionb-acc01[Ethernet11],1,,,[],,,True,ACCESS,DOT1Q,default
374,regionb-acc01[Ethernet12],1,,,[],,,True,ACCESS,DOT1Q,default
375,regionb-acc01[Ethernet13],1,,,[],,,True,ACCESS,DOT1Q,default
376,regionb-acc01[Ethernet14],1,,,[],,,True,ACCESS,DOT1Q,default
377,regionb-acc01[Ethernet15],1,,,[],,,True,ACCESS,DOT1Q,default
378,regionb-acc01[Ethernet16],1,,,[],,,True,ACCESS,DOT1Q,default
379,regionb-acc01[Ethernet17],1,,,[],,,True,ACCESS,DOT1Q,default
380,regionb-acc01[Ethernet18],1,,,[],,,True,ACCESS,DOT1Q,default
381,regionb-acc01[Ethernet19],1,,,[],,,True,ACCESS,DOT1Q,default
382,regionb-acc01[Management1],,,,[],,10.0.0.15/24,False,NONE,DOT1Q,default
383,regionb-acc01[Port-Channel1],,"1010,1110",,"['Ethernet1', 'Ethernet2']",,,True,TRUNK,DOT1Q,default
384,regionb-acc01[Port-Channel2],,"1010,1110",,"['Ethernet3', 'Ethernet4']",,,True,TRUNK,DOT1Q,default
385,regionb-acc02[Ethernet1],1,,Port-Channel1,[],to_RegionB-CE01_ge-0/0/6,,True,ACCESS,DOT1Q,default
386,regionb-acc02[Ethernet2],1,,Port-Channel1,[],to_RegionB-CE01_ge-0/0/7,,True,ACCESS,DOT1Q,default
387,regionb-acc02[Ethernet3],1,,Port-Channel2,[],to_RegionB-CE02_ge-0/0/6,,True,ACCESS,DOT1Q,default
388,regionb-acc02[Ethernet4],1,,Port-Channel2,[],to_RegionB-CE02_ge-0/0/7,,True,ACCESS,DOT1Q,default
389,regionb-acc02[Ethernet5],1020,,,[],to_RegionB-Svr02_Ethernet1,,True,ACCESS,DOT1Q,default
390,regionb-acc02[Ethernet6],1120,,,[],to_RegionB-Svr02_Ethernet2,,True,ACCESS,DOT1Q,default
391,regionb-acc02[Ethernet7],1,,,[],,,True,ACCESS,DOT1Q,default
392,regionb-acc02[Ethernet8],1,,,[],,,True,ACCESS,DOT1Q,default
393,regionb-acc02[Ethernet9],1,,,[],,,True,ACCESS,DOT1Q,default
394,regionb-acc02[Ethernet10],1,,,[],,,True,ACCESS,DOT1Q,default
395,regionb-acc02[Ethernet11],1,,,[],,,True,ACCESS,DOT1Q,default
396,regionb-acc02[Ethernet12],1,,,[],,,True,ACCESS,DOT1Q,default
397,regionb-acc02[Ethernet13],1,,,[],,,True,ACCESS,DOT1Q,default
398,regionb-acc02[Ethernet14],1,,,[],,,True,ACCESS,DOT1Q,default
399,regionb-acc02[Ethernet15],1,,,[],,,True,ACCESS,DOT1Q,default
400,regionb-acc02[Ethernet16],1,,,[],,,True,ACCESS,DOT1Q,default
401,regionb-acc02[Ethernet17],1,,,[],,,True,ACCESS,DOT1Q,default
402,regionb-acc02[Ethernet18],1,,,[],,,True,ACCESS,DOT1Q,default
403,regionb-acc02[Ethernet19],1,,,[],,,True,ACCESS,DOT1Q,default
404,regionb-acc02[Management1],,,,[],,10.0.0.15/24,False,NONE,DOT1Q,default
405,regionb-acc02[Port-Channel1],,"1020,1120",,"['Ethernet1', 'Ethernet2']",,,True,TRUNK,DOT1Q,default
406,regionb-acc02[Port-Channel2],,"1020,1120",,"['Ethernet3', 'Ethernet4']",,,True,TRUNK,DOT1Q,default
407,regionb-ce01[ae0],,,,"['ge-0/0/2', 'ge-0/0/3']",,,False,NONE,DOT1Q,default
408,regionb-ce01[ae0.0],,,,[],,172.17.5.1/30,False,NONE,DOT1Q,default
409,regionb-ce01[ae1],,,,"['ge-0/0/4', 'ge-0/0/5']",,,False,NONE,DOT1Q,default
410,regionb-ce01[ae1.1010],,,,[],,172.31.10.1/24,False,NONE,DOT1Q,default
411,regionb-ce01[ae1.1110],,,,[],,172.31.110.1/24,False,NONE,DOT1Q,VR1
412,regionb-ce01[ae2],,,,"['ge-0/0/6', 'ge-0/0/7']",,,False,NONE,DOT1Q,default
413,regionb-ce01[ae2.1020],,,,[],,172.31.20.1/24,False,NONE,DOT1Q,default
414,regionb-ce01[ae2.1120],,,,[],,172.31.120.1/24,False,NONE,DOT1Q,VR1
415,regionb-ce01[fxp0],,,,[],,,False,NONE,DOT1Q,default
416,regionb-ce01[fxp0.0],,,,[],,10.0.0.15/24,False,NONE,DOT1Q,default
417,regionb-ce01[ge-0/0/0],,,,[],to_RegionB-PE01_ge-0/0/2,,False,NONE,DOT1Q,default
418,regionb-ce01[ge-0/0/0.0],,,,[],to_RegionB-PE01_ge-0/0/2,172.17.1.2/30,False,NONE,DOT1Q,default
419,regionb-ce01[ge-0/0/1],,,,[],to_RegionB-PE02_ge-0/0/2,,False,NONE,DOT1Q,default
420,regionb-ce01[ge-0/0/1.0],,,,[],to_RegionB-PE02_ge-0/0/2,172.17.3.2/30,False,NONE,DOT1Q,default
421,regionb-ce01[ge-0/0/2],,,ae0,[],to_RegionB-CE02_ge-0/0/2,,False,NONE,DOT1Q,default
422,regionb-ce01[ge-0/0/3],,,ae0,[],to_RegionB-CE02_ge-0/0/3,,False,NONE,DOT1Q,default
423,regionb-ce01[ge-0/0/4],,,ae1,[],to_RegionB-Acc01_Ethernet1,,False,NONE,DOT1Q,default
424,regionb-ce01[ge-0/0/5],,,ae1,[],to_RegionB-Acc01_Ethernet2,,False,NONE,DOT1Q,default
425,regionb-ce01[ge-0/0/6],,,ae2,[],to_RegionB-Acc02_Ethernet1,,False,NONE,DOT1Q,default
426,regionb-ce01[ge-0/0/7],,,ae2,[],to_RegionB-Acc02_Ethernet2,,False,NONE,DOT1Q,default
427,regionb-ce02[ae0],,,,"['ge-0/0/2', 'ge-0/0/3']",,,False,NONE,DOT1Q,default
428,regionb-ce02[ae0.0],,,,[],,172.17.5.2/30,False,NONE,DOT1Q,default
429,regionb-ce02[ae1],,,,"['ge-0/0/4', 'ge-0/0/5']",,,False,NONE,DOT1Q,default
430,regionb-ce02[ae1.1010],,,,[],,172.31.10.2/24,False,NONE,DOT1Q,default
431,regionb-ce02[ae1.1110],,,,[],,172.31.110.2/24,False,NONE,DOT1Q,VR1
432,regionb-ce02[ae2],,,,"['ge-0/0/6', 'ge-0/0/7']",,,False,NONE,DOT1Q,default
433,regionb-ce02[ae2.1020],,,,[],,172.31.20.2/24,False,NONE,DOT1Q,default
434,regionb-ce02[ae2.1120],,,,[],,172.31.120.2/24,False,NONE,DOT1Q,VR1
435,regionb-ce02[fxp0],,,,[],,,False,NONE,DOT1Q,default
436,regionb-ce02[fxp0.0],,,,[],,10.0.0.15/24,False,NONE,DOT1Q,default
437,regionb-ce02[ge-0/0/0],,,,[],to_RegionB-PE01_ge-0/0/3,,False,NONE,DOT1Q,default
438,regionb-ce02[ge-0/0/0.0],,,,[],to_RegionB-PE01_ge-0/0/3,172.17.2.2/30,False,NONE,DOT1Q,default
439,regionb-ce02[ge-0/0/1],,,,[],to_RegionB-PE02_ge-0/0/3,,False,NONE,DOT1Q,default
440,regionb-ce02[ge-0/0/1.0],,,,[],to_RegionB-PE02_ge-0/0/3,172.17.4.2/30,False,NONE,DOT1Q,default
441,regionb-ce02[ge-0/0/2],,,ae0,[],to_RegionB-CE01_ge-0/0/2,,False,NONE,DOT1Q,default
442,regionb-ce02[ge-0/0/3],,,ae0,[],to_RegionB-CE01_ge-0/0/3,,False,NONE,DOT1Q,default
443,regionb-ce02[ge-0/0/4],,,ae1,[],to_RegionB-Acc01_Ethernet3,,False,NONE,DOT1Q,default
444,regionb-ce02[ge-0/0/5],,,ae1,[],to_RegionB-Acc01_Ethernet4,,False,NONE,DOT1Q,default
445,regionb-ce02[ge-0/0/6],,,ae2,[],to_RegionB-Acc02_Ethernet3,,False,NONE,DOT1Q,default
446,regionb-ce02[ge-0/0/7],,,ae2,[],to_RegionB-Acc02_Ethernet4,,False,NONE,DOT1Q,default
447,regionb-pe01[fxp0],,,,[],,,False,NONE,DOT1Q,default
448,regionb-pe01[fxp0.0],,,,[],,10.0.0.15/24,False,NONE,DOT1Q,default
449,regionb-pe01[ge-0/0/0],,,,[],to_RegionA-PE01_GigabitEthernet0/0/0/0,,False,NONE,DOT1Q,default
450,regionb-pe01[ge-0/0/0.0],,,,[],to_RegionA-PE01_GigabitEthernet0/0/0/0,10.1.0.2/30,False,NONE,DOT1Q,default
451,regionb-pe01[ge-0/0/1],,,,[],to_RegionB-PE02_ge-0/0/1,,False,NONE,DOT1Q,default
452,regionb-pe01[ge-0/0/1.0],,,,[],to_RegionB-PE02_ge-0/0/1,172.17.0.1/30,False,NONE,DOT1Q,default
453,regionb-pe01[ge-0/0/2],,,,[],to_RegionB-CE01_ge-0/0/0,,False,NONE,DOT1Q,default
454,regionb-pe01[ge-0/0/2.0],,,,[],to_RegionB-CE01_ge-0/0/0,172.17.1.1/30,False,NONE,DOT1Q,default
455,regionb-pe01[ge-0/0/3],,,,[],to_RegionB-CE02_ge-0/0/0,,False,NONE,DOT1Q,default
456,regionb-pe01[ge-0/0/3.0],,,,[],to_RegionB-CE02_ge-0/0/0,172.17.2.1/30,False,NONE,DOT1Q,default
457,regionb-pe02[fxp0],,,,[],,,False,NONE,DOT1Q,default
458,regionb-pe02[fxp0.0],,,,[],,10.0.0.15/24,False,NONE,DOT1Q,default
459,regionb-pe02[ge-0/0/0],,,,[],to_RegionA-PE02_GigabitEthernet0/0/0/0,,False,NONE,DOT1Q,default
460,regionb-pe02[ge-0/0/0.0],,,,[],to_RegionA-PE02_GigabitEthernet0/0/0/0,10.1.1.2/30,False,NONE,DOT1Q,default
461,regionb-pe02[ge-0/0/1],,,,[],to_RegionB-PE01_ge-0/0/1,,False,NONE,DOT1Q,default
462,regionb-pe02[ge-0/0/1.0],,,,[],to_RegionB-PE01_ge-0/0/1,172.17.0.2/30,False,NONE,DOT1Q,default
463,regionb-pe02[ge-0/0/2],,,,[],to_RegionB-CE01_ge-0/0/1,,False,NONE,DOT1Q,default
464,regionb-pe02[ge-0/0/2.0],,,,[],to_RegionB-CE01_ge-0/0/1,172.17.3.1/30,False,NONE,DOT1Q,default
465,regionb-pe02[ge-0/0/3],,,,[],to_RegionB-CE02_ge-0/0/1,,False,NONE,DOT1Q,default
466,regionb-pe02[ge-0/0/3.0],,,,[],to_RegionB-CE02_ge-0/0/1,172.17.4.1/30,False,NONE,DOT1Q,default
467,regionb-svr01[Ethernet1],,,,[],to_RegionB-Acc01_Ethernet5,172.31.10.100/24,False,NONE,DOT1Q,default
468,regionb-svr01[Ethernet2],,,,[],to_RegionB-Acc01_Ethernet6,172.31.110.100/24,False,NONE,DOT1Q,default
469,regionb-svr01[Ethernet3],1,,,[],,,True,ACCESS,DOT1Q,default
470,regionb-svr01[Ethernet4],1,,,[],,,True,ACCESS,DOT1Q,default
471,regionb-svr01[Ethernet5],1,,,[],,,True,ACCESS,DOT1Q,default
472,regionb-svr01[Ethernet6],1,,,[],,,True,ACCESS,DOT1Q,default
473,regionb-svr01[Ethernet7],1,,,[],,,True,ACCESS,DOT1Q,default
474,regionb-svr01[Ethernet8],1,,,[],,,True,ACCESS,DOT1Q,default
475,regionb-svr01[Ethernet9],1,,,[],,,True,ACCESS,DOT1Q,default
476,regionb-svr01[Ethernet10],1,,,[],,,True,ACCESS,DOT1Q,default
477,regionb-svr01[Ethernet11],1,,,[],,,True,ACCESS,DOT1Q,default
478,regionb-svr01[Ethernet12],1,,,[],,,True,ACCESS,DOT1Q,default
479,regionb-svr01[Ethernet13],1,,,[],,,True,ACCESS,DOT1Q,default
480,regionb-svr01[Ethernet14],1,,,[],,,True,ACCESS,DOT1Q,default
481,regionb-svr01[Ethernet15],1,,,[],,,True,ACCESS,DOT1Q,default
482,regionb-svr01[Ethernet16],1,,,[],,,True,ACCESS,DOT1Q,default
483,regionb-svr01[Ethernet17],1,,,[],,,True,ACCESS,DOT1Q,default
484,regionb-svr01[Ethernet18],1,,,[],,,True,ACCESS,DOT1Q,default
485,regionb-svr01[Ethernet19],1,,,[],,,True,ACCESS,DOT1Q,default
486,regionb-svr01[Management1],,,,[],,10.0.0.15/24,False,NONE,DOT1Q,default
487,regionb-svr02[Ethernet1],,,,[],to_RegionB-Acc02_Ethernet5,172.31.20.100/24,False,NONE,DOT1Q,default
488,regionb-svr02[Ethernet2],,,,[],to_RegionB-Acc02_Ethernet6,172.31.120.100/24,False,NONE,DOT1Q,default
489,regionb-svr02[Ethernet3],1,,,[],,,True,ACCESS,DOT1Q,default
490,regionb-svr02[Ethernet4],1,,,[],,,True,ACCESS,DOT1Q,default
491,regionb-svr02[Ethernet5],1,,,[],,,True,ACCESS,DOT1Q,default
492,regionb-svr02[Ethernet6],1,,,[],,,True,ACCESS,DOT1Q,default
493,regionb-svr02[Ethernet7],1,,,[],,,True,ACCESS,DOT1Q,default
494,regionb-svr02[Ethernet8],1,,,[],,,True,ACCESS,DOT1Q,default
495,regionb-svr02[Ethernet9],1,,,[],,,True,ACCESS,DOT1Q,default
496,regionb-svr02[Ethernet10],1,,,[],,,True,ACCESS,DOT1Q,default
497,regionb-svr02[Ethernet11],1,,,[],,,True,ACCESS,DOT1Q,default
498,regionb-svr02[Ethernet12],1,,,[],,,True,ACCESS,DOT1Q,default
499,regionb-svr02[Ethernet13],1,,,[],,,True,ACCESS,DOT1Q,default
500,regionb-svr02[Ethernet14],1,,,[],,,True,ACCESS,DOT1Q,default
501,regionb-svr02[Ethernet15],1,,,[],,,True,ACCESS,DOT1Q,default
502,regionb-svr02[Ethernet16],1,,,[],,,True,ACCESS,DOT1Q,default
503,regionb-svr02[Ethernet17],1,,,[],,,True,ACCESS,DOT1Q,default
504,regionb-svr02[Ethernet18],1,,,[],,,True,ACCESS,DOT1Q,default
505,regionb-svr02[Ethernet19],1,,,[],,,True,ACCESS,DOT1Q,default
506,regionb-svr02[Management1],,,,[],,10.0.0.15/24,False,NONE,DOT1Q,default
